{
  "XGBoost": 0.24999948156567398,
  "Gradient Boosting": 0.2500006560355962,
  "Random Forest": 0.2499974826228276,
  "ElasticNet": 0.25000237977590223
}