Feature,Importance
retail_sales,0.9980418107308868
Unnamed: 0,0.0019581892691131354
